Power,SolRad,OutsideTemp,SimulatedTemp
-31500,126.091956448125,23.5,23
-31500,103.251928582576,23.5,20.7517829637224
-31500,104.754353386144,23,20.5700992718278
-31500,99.9404289353939,23,20.351346434056
-31500,87.4306736666897,23,20.1191582569367
-31500,85.3629667720766,23,19.8985956660089
31500,78.3390958620666,23,19.6892466929763
-31500,60.2244892828715,23,24.1677980224098
-31500,40.0195285196393,23,19.7688434643465
-31500,32.6766722412571,23,19.5819501827272
31500,28.6370396367061,23,19.3894998102355
31500,24.9683726450165,23,23.8749815355321
31500,21.2154333333333,22.5,24.1551936772953
-31500,17.0451666666667,22.5,24.4147480878535
-31500,13.2362,22,19.981960201482
-31500,10.0388333333333,22,19.7418236483647
31500,7.6748,22,19.484538764414
-31500,6.72686666666667,22,23.9129370855514
-31500,7.3483,22,19.4664319538484
31500,6.96389999999999,22,19.24328570749
-31500,5.3502,22,23.6950247184
31500,4.18643333333333,22,19.2672988262736
31500,3.74726666666667,22,23.7305910686342
31500,3.59906666666667,22,23.976076659984
-31500,3.54886666666667,21,24.2218006990747
-31500,3.49983333333333,21,19.7442354200322
-31500,3.47783333333333,20,19.4557151492968
-31500,3.4114,20,19.133801498522
-31500,3.47983333333333,20,18.7978877135872
-31500,3.47903333333333,20,18.4954858940511
31500,3.42963333333333,20,18.2175375507858
31500,3.3774,20,22.6280873424551
-31500,3.38786666666666,20,22.8412723978372
-31500,3.3937,20,18.3970423600111
31500,3.34386666666667,20,18.1723256390093
-31500,3.29573333333333,20,22.6187710111028
-31500,3.29046666666667,20,18.1824056350236
31500,3.2613,20,17.9670106687014
-31500,3.26656666666667,20,22.4219635435772
-31500,3.31176666666666,20,17.9924172038539
31500,3.2902,20,17.7859950260458
31500,3.23413333333333,20,22.247077875713
-31500,3.2278,20,22.495260096483
31500,3.12046666666667,20,18.0758936704975
31500,3.11423333333333,20,22.5399717499078
31500,3.172,20,22.7858856486501
-31500,2.99566666666667,20,23.0333531766687
-31500,3.02263333333333,20,18.6003212773326
31500,3.1769,19.5,18.3697245166907
-31500,3.1801,19.5,22.7819268267297
-31500,3.21406666666667,19,18.2944860261741
-31500,3.17186666666667,19,18.0104794099129
-31500,3.16506666666666,19,17.7198331491228
-31500,3.1757,19,17.4471191382826
31500,3.14806666666666,19,17.1951702405843
-31500,3.14863333333334,19,21.6243924346707
31500,3.10733333333333,19,17.1799866289125
-31500,3.11566666666667,19,21.6330996967316
31500,3.0692,19,17.2012439071535
31500,3.0281,19,21.6615026864779
-31500,3.06136666666666,18.5,21.9077047557227
31500,3.03576666666667,18.5,17.4594119181226
31500,3.04323333333333,18,21.8781262311397
-31500,3.05846666666667,18,22.0671828655072
31500,3.02813333333333,18,17.5756128875482
-31500,3.01183333333333,18,21.9794849017749
31500,2.99623333333333,18,17.4984595357008
31500,2.9718,18,21.9103390484015
-31500,2.94706666666666,18,22.1136078794831
-31500,2.9079,18,17.643867202157
31500,2.91253333333333,18,17.3816506430103
-31500,2.88866666666667,18,21.7908865286867
31500,2.8867,18,17.3184124228548
31500,2.89,18,21.7388219051712
-31500,2.89036666666667,18,21.9501311868125
-31500,2.87956666666666,17.5,17.4876598954221
-31500,2.88133333333333,17.5,17.2094985353253
-31500,2.90256666666667,17,16.9134011062364
31500,2.88586666666667,17,16.6073357368171
31500,2.87356666666666,17,20.9765527875761
31500,2.8279,17,21.161824503362
31500,2.83366666666667,17,21.3698110901871
31500,2.8456,17,21.5853225925124
-31500,2.8238,17,21.7999281204848
31500,2.84793333333333,17,17.3287638202157
31500,2.83743333333333,17,21.7332174379688
-31500,2.7917,17,21.9238727465947
31500,2.78853333333333,17,17.437227722767
31500,2.77416666666667,17,21.8312781641409
31500,2.83046666666667,17,22.0143616423837
31500,2.83336666666667,17,22.202621005057
-31500,2.83063333333333,17,22.3891281875196
31500,2.83473333333333,17,17.8874600639586
-31500,2.80486666666667,17,22.2674323772927
31500,2.76226666666667,17,17.7507787513455
31500,2.7936,17,22.123241892241
31500,2.80166666666667,16.5,22.2899791673618
-31500,2.8265,16.5,22.4410809640995
31500,2.8153,16,17.8996257352881
-31500,2.79183333333333,16,22.2258678651519
-31500,2.7661,16,17.6541800796879
-31500,2.78156666666666,16,17.3070610043924
31500,2.77763333333333,16,16.9673065965727
-31500,2.75933333333333,16,21.3204594279227
-31500,2.7469,16,16.8036029620229
-31500,2.7763,16,16.5069010007301
-31500,2.7455,16,16.213508954003
31500,2.7366,16,15.9292395911574
31500,2.78343333333333,16,20.3342626404682
-31500,2.8879,16,20.5453831363647
31500,3.0892,16,16.0906638129759
31500,3.40746666666667,16,20.521833236605
-31500,4.0098,16,20.7410404650506
-31500,4.8651,16,16.2831080178169
-31500,5.99616666666667,16,16.026122549659
31500,7.43956666666667,16,15.7618625685539
31500,9.31176666666666,16,20.1764786400498
31500,11.3934333333333,16,20.3929610954276
31500,13.3632666666667,16,20.6221584766304
-31500,15.6606,16,20.8514636093629
-31500,32.4589666666667,16,16.3944743900485
31500,43.7881092335541,16,16.1356002194569
31500,53.117876491864,16,20.5587214155854
31500,61.3402019883966,16,20.7821793439225
-31500,69.527100979449,16,21.0169959184174
-31500,78.7592848861042,16,16.5700825846983
31500,89.2625497206787,16,16.3245048330659
31500,100.875022183822,16,20.750853686427
-31500,110.907027044998,16,20.9758447079679
-31500,119.73318687123,16,16.5279510958465
-31500,129.584891765176,16,16.2855485801767
31500,140.720919884348,16,16.0368010750329
-31500,152.88736502136,16,20.470984982823
31500,165.100492926446,16,16.0285865961361
31500,177.855444861207,16,20.4836086931805
-31500,191.01838960096,16,20.7333167122491
31500,203.696441422398,16,16.3104964521703
-31500,216.96346300214,16,20.7709839125476
-31500,229.995360887909,16,16.3387408942668
31500,243.915953329005,16,16.1143222465225
-31500,257.058893679548,16,20.5658379591053
-31500,269.927254201583,16,16.1372037499794
-31500,282.92323301683,16,15.9220745289153
31500,296.316820329102,16,15.7061667355637
-31500,309.928648822739,16,20.1751736814778
31500,323.646553326049,16,15.7660300356857
-31500,338.029148351374,16,20.2532233869373
-31500,352.140093535448,16,15.8514849103898
31500,366.649957836612,16,15.6622700038076
-31500,380.754446953231,16,20.1493205626928
31500,394.601630479424,16,15.7535452481374
-31500,409.099812908667,16,20.2525026685564
31500,422.474194103667,16,15.860256594539
-31500,436.535519979239,16,20.3598376921524
-31500,450.452188525656,16,15.9664644502595
31500,463.688451467137,16,15.7827979235623
31500,477.728611006458,16,20.2736415122772
31500,491.70256453436,17,20.5623795221295
-31500,505.07352311567,17,20.9065968352676
31500,517.782207996337,18,16.589879345041
31500,530.28675083849,18,21.1735185939499
31500,543.392853258907,18,21.5520285793729
-31500,556.806021920463,18,21.9062107187966
31500,569.870250243834,18,17.5525325412385
31500,583.481776963272,18,22.0677333285824
-31500,597.433323303131,18,22.359927047845
-31500,610.031871491547,18,17.9679977293463
31500,622.833204291983,18,17.7725337854281
31500,634.232913056348,18,22.2505944242236
31500,645.512211134901,18.5,22.5200235887346
31500,656.223806280744,18.5,22.8217210678663
-31500,668.151072631303,19,23.1318182122873
31500,681.094687656876,19,18.7685598052194
31500,692.776036666865,19,23.2876825996262
31500,703.61825179281,19,23.5790082946105
31500,715.931601104668,19,23.8650941651938
31500,726.354679274575,19,24.1427283712994
31500,736.06761720699,19,24.4109276102361
-31500,746.424454607923,19,24.6694456190458
31500,755.983298993411,19,20.2324162408032
-31500,765.021255664357,19,24.674450483088
-31500,775.420410023119,19,20.2198631996672
31500,784.512627112372,19,19.9736167421835
31500,794.4314257682,19,24.4060799754235
-31500,801.304331444653,19,24.6421489604778
-31500,811.584369837478,19,20.2084862617902
31500,819.306555292262,19,19.9787278684978
31500,828.395704822963,19,24.425442035225
-31500,837.456609672459,19,24.6750871466851
31500,843.651344056058,19,20.2539842220331
-31500,848.31099564682,19,24.7173576276429
31500,857.66456283692,19,20.2894960995734
-31500,865.8156143054,19,24.7524343263374
-31500,871.93878246602,20.5,20.3236079620485
-31500,877.539181900134,20.5,20.1738579161186
31500,879.020085521144,22,20.0566515427064
31500,884.614068742807,22,24.6627688835243
-31500,890.708366601128,22,25.0873066747518
-31500,892.551500935884,22,20.8028955775575
-31500,899.790733488159,22,20.6958708666048
-31500,903.990923303847,22,20.5654724350292
-31500,908.111506254127,22,20.4213437867651
31500,914.131129602198,22,20.2737460311682
31500,917.520380207596,22,24.8144757742104
31500,920.277085127084,22,25.15951772449
-31500,923.492086892444,22.5,25.510212824386
31500,923.724490209817,22.5,21.1976896837275
-31500,923.531103911245,23,25.7732303714278
31500,924.70427454122,23,21.4627144334218
-31500,925.640795997892,23,26.0403106514906
31500,925.491580445329,23,21.7043859504599
-31500,927.258387968652,23,26.2523023668454
31500,929.129234522083,23,21.8988183307865
31500,926.310883765684,23,26.4315921797116
31500,924.294615494548,23,26.7488682692818
31500,922.695074764836,23,27.0655873241046
31500,919.449554896995,23,27.3770239399339
-31500,917.55686004289,23.5,27.6795770237398
-31500,912.062968945064,23.5,23.3141225521137
31500,909.835680679153,24,23.1526110539299
-31500,905.488066475359,24,27.6723934787095
31500,902.592540228065,24,23.3145461442418
-31500,897.739519352874,24,27.8342109962128
-31500,895.77983297458,24,23.4578432641982
-31500,889.140490519232,24,23.2873790860307
-31500,883.145603581475,24,23.1091674203583
31500,879.481136762355,24,22.9306059176614
-31500,874.652035809059,24,27.4403891237947
-31500,869.1896513476,24,23.0720981010018
31500,862.958827698842,24,22.9190499958108
31500,856.022030092559,24,27.447398670689
31500,847.325997026477,24,27.7704597548193
31500,842.61802788175,24,28.0999132549322
31500,837.19591115588,24,28.4267845066528
31500,827.539084520906,24,28.7469116487917
31500,821.475994523391,24,29.0571385650039
31500,813.746599590854,24,29.3539507978152
-31500,805.974148793115,24,29.6386375239417
-31500,797.164640484288,24,25.2290581899377
-31500,789.000392631294,24,25.0120048694908
-31500,780.278054655748,24,24.7841652185778
31500,771.010903131176,24.5,24.5567029246653
-31500,759.848547087775,24.5,29.0425902728922
31500,749.527954669928,25,24.6594601657161
31500,738.059148971073,25,29.1901243145406
31500,727.071459584088,25,29.5205299309667
31500,716.22637603056,25,29.8442238247698
-31500,703.704185840265,25,30.1563959941701
-31500,692.095541115974,25,25.7726899093851
-31500,681.347074073853,25,25.5776891971475
31500,668.990206462548,25,25.3670286612506
31500,654.71383206478,25,29.83736229257
-31500,641.655975114671,25,30.1072416521962
31500,630.225195250025,25,25.7043532576269
-31500,618.856377411762,25,30.1847274508774
-31500,604.801232516437,25,25.7717803771505
-31500,591.017038879726,25,25.564117108146
-31500,577.36917239544,25,25.3497003830341
-31500,565.518993185278,25,25.1372717783986
-31500,552.152117926427,25,24.9311882922234
-31500,538.158274048806,25,24.7332667530566
31500,524.88130222176,25,24.5439990971687
-31500,512.48541860204,25,29.0421759717422
-31500,496.391310616519,25,24.6642379986527
-31500,482.178097257711,25,24.5004440925917
31500,468.285226191712,25,24.3318694914069
31500,453.670030099856,25,28.8429166881348
31500,440.329954068099,25,29.1526848927918
-31500,426.021581422432,25,29.4704411743571
-31500,412.120679034986,25,25.1022597946414
-31500,398.85269475688,25,24.9269732870295
31500,385.785710477714,25,24.7364345279511
-31500,371.003519668252,25,29.2217006975707
-31500,357.528131921508,25,24.8241085283149
31500,173.859623972278,25,24.6376285810865
-31500,44.1950328791857,25,29.1086735910867
31500,38.6415924179081,25,24.6679447694484
31500,38.251743067067,24.5,29.1062541305173
31500,58.6046922212174,24.5,29.3100236549329
-31500,246.095163045044,24,29.5090579688222
-31500,257.934957483101,24,25.0301280725854
-31500,244.17079099827,24,24.7652693446083
-31500,230.8868649366,24,24.508339653109
-31500,218.680945532464,24,24.2606368745943
-31500,205.958863978219,24,24.0233255466283
31500,193.098898086627,24,23.7964111322093
31500,179.631386128353,24,28.2586892770126
-31500,166.85573533973,24,28.5238872373635
-31500,154.427069679812,24,24.1189097017553
31500,142.149694687661,24,23.9176888263942
-31500,129.89100012703,24,28.3854553399534
-31500,118.589802211527,24,23.9667040442313
31500,107.387526737932,23.5,23.7575877415785
-31500,96.4455651962023,23.5,28.1981644030551
-31500,85.36190833995,23,23.7406327833994
31500,75.4647026207312,23,23.4804319382009
31500,34.9712472944867,23,27.8901530127894
-31500,20.2316803128221,23,28.1020281549888
31500,18.3500539415079,23,23.6397921182245
31500,16.7095998665047,23,28.0617489539678
31500,14.9837,23,28.2733279087948
-31500,13.3217666666667,22.5,28.4898256327117
-31500,11.4625666666667,22.5,23.9990122728475
31500,9.79513333333334,22,23.6937034210989
-31500,8.24013333333333,22,28.0450315749463
-31500,6.86443333333334,22,23.5080281655177
-31500,5.79043333333333,22,23.1967729101772
-31500,4.95606666666666,22,22.8916473788206
-31500,4.36776666666667,22,22.5977795329709
31500,3.951,22,22.3167938568639
-31500,3.76126666666667,22,26.7274918535777
31500,3.6066,22,22.2661381469946
-31500,3.55193333333333,22,26.7026400329961
31500,3.51113333333333,21.5,22.2539389803453
31500,3.4957,21.5,26.6730954989428
-31500,3.4912,21,26.8724774355767
31500,3.46656666666667,21,22.3808321733495
31500,3.49070234113712,21,26.7649018657091
-31500,3.4676254180602,21,26.9509094905
31500,3.4538,21,22.4663244737835
-31500,3.4682,21,26.8669480849782
31500,3.47126666666667,21,22.3764810029985
31500,3.45196666666667,21,26.7753081482146
-31500,3.45206666666667,21,26.9667199914973
-31500,3.42003333333333,21,22.4814563461789
31500,3.42763333333333,21,22.1988859361951
-31500,3.4102,21,26.5891738535141
31500,3.41653333333333,21,22.097279583697
31500,3.37766666666667,20.5,26.4993051849771
-31500,3.36253333333333,20.5,26.6728609193652
-31500,3.32336666666667,20,22.1605312319379
-31500,3.34736666666667,20,21.8361105533646
-31500,3.32023333333333,20,21.499385016505
31500,3.30953333333333,20,21.1792745188833
31500,3.2921,20,25.5561810714062
31500,3.295,20,25.74490832406
31500,3.28103333333333,20,25.9511480739072
31500,3.2895,19.5,26.1605023037802
-31500,3.31773333333334,19.5,26.3428298825216
31500,3.27046666666667,19,21.8199253715949
31500,3.1999,19,26.1645561235709
-31500,3.12003333333333,19,26.2914923571402
31500,3.1199,19,21.7508574953008
31500,3.12093333333334,19,26.1001117930114
31500,3.17763333333333,19,26.2452601763244
31500,3.2078,19,26.4002392900509
-31500,3.2004,19,26.5559107308724
31500,3.07016666666667,19,22.0236404461606
-31500,2.97506666666667,19,26.3691782373087
31500,3.18226666666667,19,21.8218445963168
31500,3.19656666666667,19,26.1654193440993
31500,3.1937,19,26.3058874156577
-31500,3.1827,19,26.4558859159792
31500,3.19263333333333,19,21.9214708806118
-31500,3.21326666666667,19,26.2688123826988
-31500,3.21153333333333,19,21.7241133745167
-31500,3.1892,19,21.387991200231
31500,3.1857,19,21.049195735909
-31500,3.18186666666666,19,25.3995669741261
-31500,3.15393333333333,19,20.8771198756419
-31500,3.12623333333333,19,20.5723627089739
-31500,3.12566666666667,18.5,20.2688354139174
31500,3.1219,18.5,19.9501051653137
31500,3.12313333333333,18,24.3105351894198
-31500,3.10346666666667,18,24.4655208391336
31500,3.08243333333333,18,19.9470478457594
31500,3.0773,18,24.3292666786781
-31500,3.05993333333333,18,24.5114191631337
-31500,3.06276666666667,18,20.0201347766759
-31500,3.0547,18,19.7300143125429
31500,3.02603333333333,18,19.4324773121922
31500,3.01643333333333,18,23.8196028565239
31500,3.02806666666666,18,24.0118727380342
31500,3.02763333333333,17.5,24.2171086865924
-31500,3.0373,17.5,24.4001950497885
-31500,3.02166666666667,17,19.8819888632314
31500,3.00343333333333,17,19.5438561160368
31500,2.9698,17,23.8720470699919
31500,2.9997,17,24.0148970694889
-31500,2.9911,17,24.1772317049865
-31500,3.00163333333333,17,19.6586502608091
31500,2.96773333333333,17,19.3416319151234
31500,2.98623333333333,17,23.7002293067342
-31500,2.98416666666667,17,23.8612639301685
-31500,2.98503333333334,17,19.3504331807489
-31500,2.9973,17,19.0419681549864
31500,2.97683333333333,17,18.7275122132403
-31500,2.9746,17,23.099653555871
31500,2.96533333333333,17,18.5962731291169
31500,2.9727,17,22.9903873757761
-31500,2.94763333333333,17,23.1820386270737
31500,2.95393333333333,17,18.6988872779944
-31500,2.94476666666667,17,23.0986424659414
-31500,2.94236666666666,17,18.6056091786905
31500,3.01946666666667,17,18.3190124313781
-31500,3.03876666666667,17,22.7091218398051
-31500,3.07266666666667,17,18.2181784414083
-31500,3.1764,17,17.9407825576446
31500,3.3804,17,17.6614083895448
-31500,3.6719,17,22.0671366342581
31500,4.28116666666667,17,17.5966446227619
-31500,5.0644,17,22.0217542822133
-31500,6.12713333333333,17,17.5603154204626
31500,7.50416666666667,17,17.3094233063862
-31500,9.13443333333332,17,21.7341208127304
31500,10.9077333333333,17,17.2774585451208
-31500,12.6631666666667,17,21.7144889200487
31500,14.7356333333333,17,17.262657862787
-31500,33.0841666666667,17,21.6998116678874
-31500,44.3688165387593,16.5,17.24925246537
31500,53.1984348357207,16.5,16.9933311509206
31500,62.1777899760079,16,21.4092380823491
31500,71.7036782797229,16,21.6134103716348
-31500,81.5421226306451,16,21.8242444294442
31500,91.929504713892,16,17.3660507959184
31500,103.203397295353,16,21.795473871429
31500,112.837461515175,16,22.0172587715801
-31500,121.538115741984,16,22.2458216253091
31500,131.59895782568,16,17.787866696525
31500,142.594920526073,16,22.207469863866
-31500,153.984056992358,16,22.4154901524032
-31500,166.280754242214,16,17.9440465325447
31500,179.301479480374,16,17.6736494136158
31500,191.78896339568,16,22.0813918357843
31500,204.455328265989,16,22.2880915888073
31500,217.792815972604,16,22.5056640712173
-31500,231.253221267835,16,22.7259416007872
31500,245.869840725701,16,18.2590745454681
31500,259.642454173076,16,22.670498150433
31500,272.251922398741,16,22.8721972627208
31500,284.942567233704,16,23.0801936531098
31500,299.528972415693,16,23.2868565073725
31500,313.472502210006,16,23.4888585504012
-31500,327.24718288185,16,23.684767258175
31500,341.317107281873,16,19.189441712313
-31500,354.34005903057,16,23.5715290629527
-31500,367.785083967591,16.5,19.060714856726
31500,381.816623539889,16.5,18.7810116278706
31500,396.153170078381,17,23.1962755632951
-31500,410.262404895801,17,23.4304339202077
-31500,422.992250740057,17,19.0007795106541
31500,436.915857514627,17,18.7604647652423
31500,452.107027213229,17,23.1900689488483
-31500,465.15289125477,17,23.4199025984825
31500,477.453724861158,17,18.9758015060485
-31500,491.305843769731,17.5,23.4154885281549
31500,504.964745484627,17.5,18.9859643296276
-31500,517.524265088235,18,23.458413008553
-31500,530.619457296017,18,19.0540144455901
-31500,544.212933045955,18,18.8624318492459
31500,556.010427416223,18,18.6548816073424
31500,568.782604390174,18.5,23.1258495312834
-31500,582.420462237135,18.5,23.4211136426516
-31500,595.727612883923,19,19.0540306160496
-31500,607.809220347095,18.5,18.9017137908172
-31500,619.540665191,18.5,18.7223460874904
-31500,630.568111216184,18,18.5193289524462
31500,642.293708275811,19,18.3006399981719
31500,653.726442694101,19,22.8141025333542
31500,665.97449756623,20,23.1564218172097
-31500,676.36055663093,20,23.5424984121429
31500,688.826445574455,20,19.2564250402979
-31500,699.420233464388,20,23.8285361057777
31500,712.149051816418,20,19.4840626548316
-31500,723.602242970523,20,24.0200809616018
31500,732.888234311637,20,19.652487639849
-31500,742.031699892225,20,24.1729253825702
31500,752.68307640546,20,19.7941704650967
31500,762.876103515592,20,24.3064325799926
31500,770.791265821877,19.5,24.6051826411738
31500,779.811198987171,19.5,24.8832759179956
31500,789.510901841247,19,25.1468822909761
-31500,797.401436313531,19,25.3893819318684
-31500,806.077304348236,19,20.932340154535
31500,813.235370008605,19,20.6806528658241
-31500,819.738793802944,19,25.1081937414957
31500,828.090305549326,19,20.6571776197677
-31500,834.478874729294,19,25.1033749206325
-31500,842.357828870994,19,20.6647028545801
-31500,849.879962882702,19,20.4368848609372
-31500,854.12952947029,19,20.2064286289632
31500,859.852025899139,20,19.9816545924028
-31500,864.239245152245,20,24.4969596948953
-31500,870.731247845756,21,20.1591313530366
31500,874.062054958264,21,20.0630405278361
31500,880.139432722471,21,24.6560077004341
31500,882.954947636969,21,25.0208344083292
31500,887.418766714814,21,25.3774592774465
31500,874.314261927337,21,25.7206815507184
31500,878.774344769575,21,26.0482639505832
31500,899.054523067369,21,26.359867437413
31500,900.429977495389,21,26.657250880594
-31500,903.90570261256,21,26.9413322452271
-31500,905.773665769298,21,22.5241799095809
-31500,908.211804230181,21,22.3022990565236
-31500,910.235442070004,21,22.0672120951719
31500,911.051890035697,21,21.8327121316683
-31500,911.743128032728,21,26.2877177382481
31500,912.020935302385,21,21.8671610539773
31500,912.477220996979,21,26.3446783110749
31500,915.490387174869,21,26.6191321339375
31500,913.281283881123,21,26.9025097420478
-31500,910.54287211138,21,27.1844057737223
-31500,907.996670487174,21,22.77239126887
-31500,906.483046039685,21,22.5552672769691
31500,904.172391410658,22,22.3264735055387
31500,900.849422553572,22,26.8349416171318
-31500,897.824100706563,23,27.1603794078863
31500,893.843702884422,23,22.840002590236
-31500,891.5074543584,23,27.4169584028349
-31500,886.803894448563,23,23.0738658326674
-31500,882.046595105063,23,22.9215428136073
-31500,877.43861409913,23,22.7536578252537
-31500,872.764200929398,23,22.5826543940365
-31500,866.593859371944,23,22.4150933412527
-31500,860.626142686614,23,22.2536365966454
31500,854.714174282454,23,22.0995741281156
-31500,848.530112050404,23.5,26.6320153023059
-31500,840.993234159058,23.5,22.3103949339509
-31500,833.54579093779,24,22.2149389865921
31500,827.688525754575,24,22.1307606217626
31500,819.972614857079,24,26.7310165077205
31500,811.073534088917,24,27.112152665159
-31500,802.929134202145,24,27.4907718918075
-31500,795.18137506346,24,23.1780943384491
-31500,785.413438989624,24,23.0595785758853
31500,776.43572271964,24,22.9248576673296
-31500,767.646450384081,24,27.4627572040894
-31500,758.777702194738,24,23.1160416047768
31500,749.245679395061,24.5,22.9804652876108
-31500,732.817685218428,24.5,27.5408856786299
31500,717.892451550366,25,23.2271147826075
31500,719.47998599818,25,27.8142488424519
31500,709.072592235899,25,28.1944966795083
-31500,697.445174895854,25,28.5641575699071
-31500,685.345866142939,25,24.2371912241184
-31500,674.300493146503,25,24.0987986133856
-31500,663.225670712731,25,23.9425998160564
-31500,650.935834755906,25,23.7815648716835
-31500,640.031939234005,25,23.621047873293
31500,628.106969752826,25,23.4631923012926
31500,617.344458229318,25,27.9919523048279
-31500,604.827624882673,25,28.3161887035055
-31500,591.204251433446,25,23.9672647274507
31500,576.766505162121,25,23.8234828674011
-31500,562.148708220091,25,28.3492305276831
-31500,551.582081814405,25,23.9844802932284
31500,540.402266211361,25,23.8301001138055
-31500,526.25143759303,25,28.3464229409184
-31500,502.613808134599,25,23.9776638491228
31500,496.101437685793,25,23.8194621175799
31500,483.249909545989,25,28.3328731292399
-31500,467.844970307191,25,28.639329368684
31500,458.350103925413,25,24.2718417507443
31500,444.464963257662,25,28.7839697359934
31500,431.262004862927,25,29.0798037664126
-31500,416.386031383218,25,29.3754608480607
-31500,402.573552729073,25,24.9826335244133
31500,388.959115936482,25,24.7832215720824
-31500,375.129419312123,25,29.2492263332484
-31500,361.926451947329,25,24.8275943632435
-31500,348.190171397804,25,24.6156685309071
-31500,195.263774448281,25,24.3982500094047
-31500,60.7764674876615,25,24.1709163109928
31500,50.8028878896038,25,23.9259606839503
-31500,50.1629408379895,25.5,28.3534200583688
31500,68.211954154506,25.5,23.9246626615136
-31500,230.100871307742,26,28.4050724646544
31500,251.651117286408,26,24.0324622904581
31500,239.044666321349,26,28.5739665017558
-31500,225.640045031799,26,28.8913414820725
31500,213.824230010075,26,24.5255375983333
31500,200.685521293447,26,29.0350364255354
-31500,187.129320814892,26,29.322128076598
31500,174.417340103304,26,24.9270054798175
-31500,162.091603722752,26,29.4079723262567
31500,150.096687173015,26,24.9911525277339
31500,138.179396030663,26,29.4573578130177
-31500,126.413626886762,26,29.7079200678184
-31500,115.118402381256,26,25.2795809738956
31500,103.85607906657,26,25.0527739686628
-31500,93.2933508523153,26,29.4951215126863
31500,83.1240457451458,26,25.04964136891
31500,73.6353094253821,26,29.4951300958459
-31500,39.5916085002604,26,29.7284718795337
-31500,23.7606180291804,26,25.2774613029183
-31500,21.3088354183902,26,25.0270518453217
-31500,19.0148307010803,26,24.7691604094269
31500,16.7388666666667,26,24.514120028499
31500,15.0683666666667,25,28.9391056750694
31500,13.2314333333333,25,29.1084821850071
31500,11.1879666666667,24,29.2696982905945
31500,9.17186666666667,24,29.4079396793725
-31500,7.5513,24,29.5314751774309
31500,6.38246666666667,24,24.9979743188531
31500,5.46946666666667,24,29.3593000809901
-31500,4.8183,24,29.5148720435602
31500,4.38273333333333,24,24.9986642398751
31500,4.1224,24,29.3688643290682
31500,4.00946666666667,24,29.5312610119276
31500,3.9313,24,29.7019400796104
-31500,3.8524,23.5,29.8732111102102
31500,3.80809999999999,23.5,25.3366463386832
-31500,3.76116666666666,23,29.6659973039088
31500,3.7399,23,25.0906437221538
31500,3.71223333333333,23,29.4001556697204
31500,3.69723333333333,23,29.5193653571186
-31500,3.6742,23,29.6570914541563
31500,3.67426666666667,23,25.1181741460113
-31500,3.64343333333334,23,29.4639852045115
-31500,3.6608,23,24.9204455964879
-31500,3.6407,23,24.5873577839863
31500,3.5823,23,24.2535860028035
-31500,3.6057,22.5,28.6090521785877
-31500,3.5925,22.5,24.0681798957964
-31500,3.45133333333333,22,23.7349510199556
-31500,3.48466666666667,22,23.3896296936922
31500,3.45143333333333,22,23.0465179799209
31500,3.40466666666667,22,27.4098134118138
-31500,3.3837,22,27.5874120612901
31500,3.40273333333334,22,23.1043939917372
31500,3.42243333333333,22,27.5108687440734
-31500,3.4536,22,27.7091096439318
-31500,3.4656,22,23.2318052332545
-31500,3.47626666666667,22,22.9549827220738
31500,3.4763,22,22.669794511008
31500,3.46466666666667,22,27.0666503195988
31500,3.449,22,27.2663494782924
31500,3.45896666666667,22,27.4783941587497
-31500,3.44423333333334,22,27.6908896034764
-31500,3.44816666666667,22,23.2153194113733
31500,3.44986666666667,22,22.9354761578115
31500,3.449,22,27.3256786965501
31500,3.40433333333333,22,27.511866075793
-31500,3.3534,22,27.7073044730809
-31500,3.34303333333333,22,23.2200843710792
31500,3.28443333333334,22,22.9315283696242
31500,3.316,21,27.3147690508003
-31500,3.14026666666667,21,27.4491237388652
-31500,3.20933333333334,20,22.8876796950233
-31500,3.26813333333334,20,22.5051622233095
31500,3.28513333333333,20,22.1052631116392
-31500,3.14796666666667,20,26.4190235934041
31500,3.11003333333333,20,21.8749765229371
31500,3.18126666666666,20,26.2390297726334
-31500,3.19706666666667,20,26.4069962550547
31500,3.1183,20,21.904341082148
-31500,3.00366666666667,20,26.2880766868146
-31500,2.90966666666667,20,21.7811897336674
31500,3.06216666666667,20,21.4830275081179
-31500,3.03133333333333,20,25.8632796958744
-31500,3.09826666666667,20,21.3623265242755
-31500,3.15763333333333,20,21.0750688486033
31500,3.14496666666667,20,20.7868405732518
-31500,3.19673333333334,20,25.1845455618101
31500,3.20473333333333,20,20.7066861880405
-31500,3.17223333333333,20,25.1249813118194
-31500,3.18756666666666,20,20.6572825319177
31500,3.23056666666667,20,20.4005712911822
-31500,3.20503333333333,20,24.8200124387208
31500,3.18636666666667,20,20.3564786828265
-31500,3.1912,19.5,24.7855871436342
31500,3.16456666666667,19.5,20.3037630860371
-31500,3.1385,19,24.6984619996164
-31500,3.1353,19,20.1910445981467
31500,3.15616666666667,19,19.8872122398217
31500,3.13826666666667,19,24.2713616751616
31500,3.1447,19,24.4630097287701
-31500,3.12906666666667,19,24.6696882532139
31500,3.11313333333333,19,20.1962708956083
31500,3.0683,19,24.6026821738685
31500,3.04206666666666,19,24.7964875630264
-31500,3.02076666666667,19,24.9939889097237
31500,3.027,18.5,20.5023102155872
31500,3.04653333333333,18.5,24.8697710591852
-31500,3.05643333333333,18,25.0147724430097
-31500,3.05726666666667,18,20.4647695765435
31500,3.01026666666667,18,20.1095079168019
31500,3.01936666666667,18,24.4412947240432
31500,3.0108,18,24.5837859249506
31500,3.00553333333333,18,24.7439292913194
-31500,2.97586666666667,18,24.9086290052162
31500,2.9754,18,20.387609450189
31500,3.14146666666667,18,24.7456372034819
31500,3.1657,18,24.8937015355061
31500,3.22466666666667,18,25.0481467462151
31500,3.41316666666667,18,25.201617381898
31500,3.7712,18,25.3506321288381
-31500,4.30646666666667,18,25.4936329032395
31500,5.061,18,20.9425307015302
-31500,6.04056666666666,18,25.2765296809319
-31500,7.55646666666667,18,20.7126675860082
31500,9.63266666666666,18,20.3585046149368
31500,11.9411,18,24.6872308129066
-31500,14.2084333333333,18,24.8240388345653
